"month","year","date","sp","spret","spi","nq","nqret","nqi","ret1","ind1","ret10","ind10","twex","rec","m3","y10","cm3","cy10","cpi","DP","EP"
1,2000,2000-01-28,1394.459961,-0.0522448509206006,0,3940.350098,-0.032203889688704,0,-0.048842,1755.71,0.073146,15280.093,115.1132,0,5.32,6.66,0.12,-4.82,-0.0574382538770748,0.387754764790335,0.536171327155639
1,2001,2001-01-28,1366.01001,0.0340502318056943,1,2772.72998,0.11540372431438,1,0.027831,1639.512,0.311924,16174.974,123.1303,0,5.15,5.16,-0.619999999999999,-3.49,-0.394588500563707,0.386702297024939,0.539261628330603
1,2002,2002-01-28,1130.199951,-0.0156963786972364,0,1934.030029,-0.00842856825219673,0,-0.01343,1332.809,0.040486,17495.016,129.831,0,1.65,5.04,-0.04,-3.44,-0.220628792057364,0.391563841002429,0.455521096855799
1,2003,2003-01-28,855.700012,-0.0277974876039897,0,1320.910034,-0.0109923301052328,0,-0.027668,1019.547,0.012644,16082.585,123.1346,0,1.17,4.05,-0.02,-2.2,-0.108401084010841,0.408967070103675,0.492795154231318
1,2004,2004-01-28,1131.130005,0.0171288471121338,1,2066.149902,0.0308561646521772,1,0.017034,1340.248,0.081812,33007.516,112.7326,0,0.88,4.15,-0.02,-2.64,-0.366492146596853,0.407823823426397,0.555817087796064
1,2005,2005-01-28,1181.27002,-0.0256157673436119,0,2062.409912,-0.0533557565681795,0,-0.024632,1386.717,-0.03615,34953.516,109.7594,0,2.33,4.22,0.14,-2.61,-0.40485829959513,0.421320777053166,0.576637348261299
1,2006,2006-01-28,1280.079956,0.0251478956149267,1,2305.820068,0.0445637371285406,1,0.018373,1501.383,0.085963,41646.754,109.8163,0,4.24,4.42,0.35,-2.76,0.148883374689833,0.434675887766204,0.595443269420685
1,2007,2007-01-28,1438.23999,0.0139611310231826,1,2463.929932,0.0199382297205952,1,0.013265,1727.031,0.016459,46651.691,107.8925,0,4.98,4.76,0.130000000000001,-3.08,-0.0670863129647814,0.443729648990478,0.606975053875381
1,2008,2008-01-28,1378.550049,-0.0631138638422053,0,2389.860107,-0.104184826783837,0,-0.063003,1710.803,-0.050108,39281.586,98.2266,1,2.75,3.74,-0.25,-2.41,-1.03424738142875,0.460557614143727,0.575849547156254
1,2009,2009-01-28,825.880005,-0.0895498794569232,0,1476.420044,-0.0659230813030804,0,-0.083486,1086.254,-0.037427,20725.266,109.9384,1,0.13,2.52,0.1,-0.62,-0.176119816946313,0.492734672887074,0.369970038916034
1,2010,2010-01-28,1073.869995,-0.0376751241926438,0,2147.350098,-0.0551706994293122,0,-0.033682,1402.818,-0.003924,38974.996,101.9871,0,0.06,3.73,0.01,-2.22,0.171844078920309,0.441596084869748,0.56864799286545
1,2011,2011-01-28,1286.119995,0.0223929694417535,1,2700.080078,0.017639314161606,1,0.023132,1680.23,-0.002076,50475.656,98.1561,0,0.15,3.39,0.00999999999999998,-1.67,-0.246651637713817,0.437879333401841,0.609957969638951
1,2012,2012-01-28,1312.410034,0.0426600440016456,1,2813.840088,0.0770599122816797,1,0.042429,1750.699,0.099262,47745.934,99.3608,0,0.03,1.97,0.02,-0.26,-0.269306449020735,0.458284709463169,0.623578452051428
1,2013,2013-01-28,1498.109985,0.0491977920489255,1,3142.129883,0.0398063067833352,1,0.050091,2044.695,0.070659,56478.18,99.042,0,0.07,1.91,0,-0.15,-0.00858114978825904,0.472770496165382,0.611620788297388
1,2014,2014-01-28,1782.589966,-0.0362314074850154,0,4103.879883,-0.0175622476093285,0,-0.038386,2484.068,0.000171,78658.391,103.0895,0,0.04,2.86,-0.03,-1.41,-0.567010091001089,0.475061960109051,0.613935851141108
1,2015,2015-01-28,1994.98999,-0.0315327792169491,0,4635.240234,-0.0215153856894759,0,-0.032826,2807.239,-0.041693,77433.836,113.1213,0,0.03,1.88,0,-0.54,-0.341709643711866,0.484100798604708,0.606441484022789
1,2016,2016-01-28,1940.23999,-0.0520676172275349,0,4613.950195,-0.0818344811380367,0,-0.047384,2812.786,-0.103113,64197.25,125.1658,0,0.26,2.09,0.03,-0.64,0.0327321392317517,0.499237260861586,0.590016840709053
1,2017,2017-01-28,2278.870117,0.0177263145946185,1,5614.790039,0.0421360411480904,1,0.018461,3356.85,0.003893,87591,126.9252,0,0.51,2.43,0,-0.82,-0.05878322772623,0.495112991467793,0.591106556736069
1,2018,2018-01-28,2823.810059,0.0546573986599865,1,7411.47998,0.0710175316146486,1,0.064757,4335.338,0.028881,101928.539,115.5472,0,1.41,2.58,0.0899999999999999,-0.77,-0.319396281513109,0.491285131325277,0.594435165701944
1,2019,2019-01-28,2704.100098,0.0757421519767538,1,7281.740234,0.0929690418308535,1,0.075495,4250.686,0.154229,95875.172,126.5041,0,2.37,2.71,0,-1.06,-0.0909769525053793,0.507463093037221,0.621756276368573
10,1999,1999-10-28,1362.930054,0.0606618367719172,1,2966.429932,0.0771556465105334,1,0.074673,1669.48,-0.017797,11909.764,115.0344,0,4.86,6.11,0.180000000000001,-4.27,0.478755236385384,0.392323670732349,0.532017150324994
10,2000,2000-10-28,1429.400024,-0.00496177514471796,0,3369.629883,-0.0861568665592802,0,-0.016823,1775.613,-0.071394,14294.354,123.6867,0,6.11,5.74,0.11,-4.17,0.520833333333312,0.385840778657704,0.547209363854309
10,2001,2001-10-28,1059.780029,0.0179372723728264,1,1690.199951,0.120182015507377,1,0.014347,1253.875,0.091296,14450.645,127.0621,1,2.16,4.57,-0.48,-2.97,0.450704225352114,0.394783922823803,0.472607354585611
10,2002,2002-10-28,885.76001,0.0829143967478956,1,1329.75,0.126228019917897,1,0.092271,1061.456,0.050564,14571.924,126.6673,0,1.58,3.94,-0.0499999999999998,-2,0.16602102933039,0.409691266668769,0.499928761568361
10,2003,2003-10-28,1050.709961,0.0535042604645302,1,1932.209961,0.078159778580547,1,0.052378,1246.018,0.085889,28040.229,115.8266,0,0.92,4.29,-0.0199999999999999,-2.33,0.325027085590467,0.406715227047499,0.538020066332351
10,2004,2004-10-28,1130.199951,0.0139169519998088,1,1974.98999,0.0403740042151917,1,0.009385,1329.732,0.013035,31573.895,112.18,0,1.76,4.1,0.11,-2.51,0.211081794195252,0.4213825214665,0.578600579690985
10,2005,2005-10-28,1207.01001,-0.0179000340427695,0,2120.300049,-0.0146959412418237,0,-0.011138,1428.195,-0.029775,36691.707,111.7554,0,3.71,4.46,0.29,-2.71,1.22199592668025,0.434572854756796,0.594839657964247
10,2006,2006-10-28,1377.939941,0.0310218120657755,1,2366.709961,0.0468309370919169,1,0.031966,1651.441,0.049558,43642.215,108.3405,0,4.92,4.73,0.11,-3.01,-0.490436488474757,0.442375358729822,0.606338903024363
10,2007,2007-10-28,1549.380005,0.0147135610158058,1,2859.120117,0.0567067517967761,1,0.022084,1906.511,0.002121,45641.516,99.127,0,3.9,4.53,0.00999999999999979,-2.96,0.275590740535893,0.450221642612581,0.587283821094236
10,2008,2008-10-28,968.75,-0.185636473585464,0,1720.949951,-0.195186691791746,0,-0.150996,1260.356,-0.232447,25613.154,110.2882,1,0.67,3.81,-0.46,-2.22,-0.138301854066455,0.488200801813248,0.519493087413651
10,2009,2009-10-28,1036.189941,-0.0199598805374466,0,2045.109985,-0.037105339896244,0,-0.012193,1352.686,-0.075133,36006.047,101.013,0,0.07,3.39,-0.05,-1.68,0.0625480693495817,0.452120245026833,0.463598823743626
10,2010,2010-10-28,1183.26001,0.0361930520991756,1,2507.409912,0.0569427563188754,1,0.040304,1550.263,0.042212,45092.973,98.8182,0,0.13,2.54,-0.02,-0.9,0.0581736230715569,0.440500737511158,0.608519820764387
10,2010,2010-10-28,1183.26001,0.0361930520991756,1,2507.409912,0.0569427563188754,1,0.040304,1550.263,0.042212,45092.973,98.8182,0,0.13,2.54,0,-0.9,0.0581736230715569,0.440500737511158,0.608519820764387
10,2011,2011-10-28,1253.300049,0.102306591858191,1,2684.409912,0.105596067454222,1,0.100409,1657.6,0.111555,43796.492,98.4856,0,0.02,2.15,0.01,-0.29,0.151846211569461,0.456955730403596,0.62930041367215
10,2012,2012-10-28,1412.160034,-0.0199878425232534,0,2977.22998,-0.0456306001294866,0,-0.019433,1931.247,-0.028644,51766.066,99.1859,0,0.1,1.75,-0.01,-0.02,0.446221226761131,0.468423577461161,0.613425383848745
10,2013,2013-10-28,1756.540039,0.0436299709750401,1,3919.709961,0.0385501694595334,1,0.046923,2435.934,0.025862,73294.133,100.3169,0,0.05,2.62,0.03,-1.01,0.116300448526347,0.475678863857186,0.61308895018582
10,2014,2014-10-28,2018.050049,0.0229363989464222,1,4630.740234,0.0301092745711138,1,0.018542,2837.969,0.038804,79582.508,105.761,0,0.02,2.3,0,-0.89,0.0752568824311014,0.483374422745957,0.614540831361211
10,2015,2015-10-28,2079.360107,0.0797193794951312,1,5053.75,0.0897011716791738,1,0.085943,2984.443,0.044707,73995.789,119.3245,0,0.02,2.07,0,-0.43,-0.155675657530359,0.493422310392533,0.589996206778237
10,2016,2016-10-28,2126.149902,-0.0196168374213368,0,5189.140137,-0.0234004056008796,0,-0.014501,3114.768,-0.065298,76632.383,122.9132,0,0.33,1.76,0.04,0.0299999999999998,0.240399586462898,0.497029585516042,0.587990464786618
10,2017,2017-10-28,2575.26001,0.0219455602903045,1,6727.669922,0.035048421921104,1,0.026901,3905.486,-0.011848,95780.789,120.2424,0,1.07,2.36,0.04,-0.7,0.529490589323034,0.494471224280574,0.596720846912436
10,2018,2018-10-28,2711.73999,-0.0719293458798642,0,7305.899902,-0.0965363571512885,0,-0.066452,4255.95,-0.105222,100528.508,128.0324,0,2.25,3.15,0.12,-1.42,0.116202517589025,0.500077710413523,0.614668655972412
10,2019,2019-10-28,3037.560059,0.0202258423657948,1,8292.360352,0.0359756326449983,1,0.02635,4844.381,-0.021561,90885.93,129.4395,0,1.65,1.71,-0.24,-0.05,0.0783448576930001,0.506673168469089,0.613382518139862
11,1999,1999-11-28,1388.910034,0.0188824576201316,1,3336.159912,0.117461231915749,1,0.029308,1718.41,0.097138,13066.659,115.4324,0,5.07,6.03,0.21,-4.39,0.178677784395466,0.388739558211715,0.53127380665363
11,2000,2000-11-28,1314.949951,-0.0834561877646234,0,2597.929932,-0.26008796342207,0,-0.099813,1598.384,-0.103192,12819.288,124.5119,0,6.17,5.72,0.0599999999999996,-4.14,0.172711571675311,0.386137784103705,0.544562528317542
11,2001,2001-11-28,1139.449951,0.0724842800659991,1,1930.579956,0.132973616976308,1,0.072311,1344.544,0.081126,15622.967,127.6563,1,1.87,4.65,-0.29,-2.67,-0.33651149747618,0.39208064170629,0.462928395729492
11,2002,2002-11-28,936.309998,0.0555005712503283,1,1478.780029,0.106226488480046,1,0.05043,1114.985,0.145646,16694.271,126.0104,0,1.23,4.05,-0.35,-2.3,0.165745856353599,0.40675009380854,0.491202200769983
11,2003,2003-11-28,1058.199951,0.00710321616875742,1,1960.26001,0.0144127172559605,1,0.005789,1253.232,0.045373,29312.486,115.8332,0,0.93,4.3,0.01,-2.7,-0.107991360691145,0.408289758259309,0.548327101698439
11,2004,2004-11-28,1173.819946,0.0378687768126449,1,2096.810059,0.0598538403399296,1,0.034768,1375.963,0.079793,34093.273,109.5797,0,2.07,4.19,0.31,-2.42,0.526592943654557,0.419415943803383,0.575525957655767
11,2005,2005-11-28,1249.47998,0.034581213385394,1,2232.820068,0.0517077798012666,1,0.035621,1479.069,0.029295,37766.582,112.1512,0,3.88,4.54,0.17,-2.94,0.201207243460752,0.433898217667318,0.594024315806803
11,2006,2006-11-28,1400.630005,0.0163325515097217,1,2431.77002,0.0271186068955931,1,0.01359,1673.884,0.02677,44810.527,106.9801,0,4.94,4.6,0.0200000000000005,-2.98,-0.542138984721521,0.442720238478396,0.606492701438696
11,2007,2007-11-28,1481.140015,-0.0450427824691788,0,2660.959961,-0.0718269808154313,0,-0.038447,1833.211,-0.087351,41654.664,98.8038,0,3.27,4.15,-0.63,-2.85,0.213919132812117,0.454613911423752,0.583528828836313
11,2008,2008-11-28,896.23999,-0.0777983575748147,0,1535.569946,-0.113974823008493,0,-0.065626,1177.644,-0.173646,21165.541,110.8759,1,0.19,3.53,-0.48,-2.38,-1.01013332845789,0.494047407878024,0.475933024419053
11,2009,2009-11-28,1095.630005,0.0557790770857576,1,2144.600098,0.0475015300554427,1,0.063085,1438.019,0.010124,36370.578,100.3445,0,0.05,3.4,-0.02,-1.78,0.0963101185818578,0.447869207009098,0.520838689171481
11,2010,2010-11-28,1180.550049,-0.00229287643221188,0,2498.22998,-0.00366783967267548,0,-0.004635,1543.077,0.023051,46132.426,99.4667,0,0.14,2.76,0.01,-1,0.124519888847696,0.439819906073921,0.610002138921801
11,2010,2010-11-28,1180.550049,-0.00229287643221188,0,2498.22998,-0.00366783967267548,0,-0.004635,1543.077,0.023051,46132.426,99.4667,0,0.14,2.76,0,-1,0.124519888847696,0.439819906073921,0.610002138921801
11,2011,2011-11-28,1246.959961,-0.00507155380952895,0,2620.340088,-0.0241568178110967,0,-0.001204,1655.604,-0.03088,42444.055,100.5656,0,0.01,2.01,-0.01,-0.54,-0.206268263335836,0.45817599579143,0.627888008373712
11,2012,2012-11-28,1416.180054,0.00284267279181449,1,3010.23999,0.011026475162236,1,0.004023,1939.016,-0.00848,51327.082,99.3428,0,0.09,1.65,-0.01,-0.0900000000000001,-0.0388925140553232,0.472944963838013,0.616032624801947
11,2013,2013-11-28,1805.810059,0.027663290033785,1,4059.889893,0.0351381917709546,1,0.032967,2516.24,0.051236,77049.461,101.7188,0,0.07,2.72,0.02,-0.94,-0.257528325980464,0.474106529035844,0.612797117127468
11,2014,2014-11-28,2067.560059,0.024237473674626,1,4791.629883,0.0341538883216987,1,0.028073,2917.64,-0.014975,78390.75,107.8152,0,0.02,2.33,0,-0.72,-0.251227781255389,0.480999786070578,0.608670635639905
11,2015,2015-11-28,2080.409912,0.00050474185711824,1,5108.669922,0.0108085391248576,1,0.002788,2992.765,0.014631,75078.391,120.9245,0,0.12,2.26,0.1,-0.53,-0.0449683750446447,0.49258056539437,0.585872616658252
11,2016,2016-11-28,2198.810059,0.0336035453908705,1,5323.680176,0.0255968200289871,1,0.035463,3225.227,0.094358,83863.289,127.3814,0,0.45,2.14,0.12,-0.21,0.124674851301432,0.497029644027721,0.589790517963539
11,2017,2017-11-28,2647.580078,0.0276955409084119,1,6873.970215,0.0215129843020421,1,0.030011,4022.693,0.026045,98275.359,119.2132,0,1.23,2.35,0.16,-0.75,-0.0632042103727646,0.49425825606789,0.596744030757278
11,2018,2018-11-28,2760.169922,0.0177017521878344,1,7330.540039,0.00336696086984389,1,0.018538,4334.847,-0.034081,97102.391,128.8873,0,2.33,3.12,0.0800000000000001,-1.52,0.176676345572587,0.502626443467894,0.617059589482064
11,2019,2019-11-28,3140.97998,0.0334802657884001,1,8665.469727,0.0440114799725375,1,0.037142,5024.312,0.062921,96604.609,130.3991,0,1.54,1.81,-0.11,-0.0600000000000001,0.228619055223,0.504769337901046,0.612253489612564
12,1999,1999-12-28,1469.25,0.056232775174478,1,4069.310059,0.198653047811931,1,0.074171,1845.866,0.089689,14238.592,115.1581,0,5.2,6.28,0.13,-4.55,0,0.387474337885686,0.533379186868467
12,2000,2000-12-28,1320.280029,0.00404525245153575,1,2470.52002,-0.0502862850142245,0,-0.002043,1595.119,-0.03823,12329.204,122.4598,0,5.77,5.24,-0.4,-3.85,0.0594530321046454,0.38774883761748,0.543817412298106
12,2001,2001-12-28,1148.079956,0.00754529671224446,1,1950.400024,0.0102140389361374,1,0.004766,1350.952,0.076253,16814.27,128.0218,0,1.69,5.09,-0.18,-3.15,0.0574712643678088,0.391334174001047,0.455253916505047
12,2002,2002-12-28,879.820007,-0.0622292670376581,0,1335.51001,-0.101904194260443,0,-0.059577,1048.558,-0.048669,15881.784,124.4308,0,1.19,4.03,-0.04,-2.59,-0.168823860438935,0.40828655795018,0.487754401897435
12,2003,2003-12-28,1111.920044,0.0495189851827096,1,2003.369995,0.0217536374369613,1,0.051521,1317.8,0.040898,30511.313,113.7088,0,0.9,4.27,-0.03,-2.71,0,0.408843107128304,0.556382000340401
12,2004,2004-12-28,1211.920044,0.0319425735028656,1,2175.439941,0.0368137454848787,1,0.033266,1421.737,0.063684,36264.473,108.6489,0,2.19,4.23,0.12,-2.73,-0.270270270270264,0.418558008495589,0.574078284855038
12,2005,2005-12-28,1248.290039,-0.000952802764842886,0,2205.320068,-0.0123927370972545,0,-0.003227,1474.295,0.01545,38350.066,111.6984,0,3.89,4.47,0.0100000000000002,-2.86,0.0523834468308086,0.434281785431734,0.594644444644478
12,2006,2006-12-28,1418.300049,0.0125368668954273,1,2415.290039,-0.00680001662967644,0,0.018243,1704.422,0.02423,45896.281,106.9804,0,4.85,4.56,-0.0900000000000007,-2.83,-0.803212851405626,0.442959474918609,0.606504098309994
12,2007,2007-12-28,1468.359985,-0.00866595014761451,0,2652.280029,-0.00326728690515665,0,-0.004023,1825.836,-0.007224,41353.758,99.6866,1,3,4.1,-0.27,-2.34,-0.148662041625379,0.455184527798671,0.574355817384583
12,2008,2008-12-28,903.25,0.00779114693500738,1,1577.030029,0.0266417372012393,1,0.006418,1185.202,0.017272,21531.109,106.926,1,0.03,2.42,-0.16,-1.3,0.593961787341581,0.493723656202547,0.398400491402051
12,2009,2009-12-28,1115.099976,0.0176145206146643,1,2269.149902,0.0564521683423918,1,0.009523,1451.714,0.075829,39128.535,101.6497,0,0.05,3.59,0,-1.58,-1.91528953285958,0.443426181648542,0.560607630148099
12,2010,2010-12-28,1257.640015,0.0632564876429509,1,2652.870117,0.0600596438092644,1,0.064264,1642.241,0.096423,50580.652,99.5247,0,0.14,3.29,0,-1.18,0.0707753368767079,0.438467418924775,0.610370533545397
12,2010,2010-12-28,1257.640015,0.0632564876429509,1,2652.870117,0.0600596438092644,1,0.064264,1642.241,0.096423,50580.652,99.5247,0,0.14,3.29,0,-1.18,0.0707753368767079,0.438467418924775,0.610370533545397
12,2011,2011-12-28,1257.599976,0.00849656568624102,1,2605.149902,-0.0058138964255976,0,0.014398,1679.442,0.023336,43434.551,100.6968,0,0.01,1.98,0,-0.45,0.0420646423819507,0.459544048425864,0.626665898645572
12,2012,2012-12-28,1426.189941,0.0070433676117494,1,3019.51001,0.00307476339926538,1,0.0042,1947.16,0.027739,52750.852,98.9989,0,0.07,1.72,-0.02,0.00999999999999979,-0.084356133044206,0.474105815643205,0.614358892527436
12,2013,2013-12-28,1848.359985,0.0232894740668828,1,4176.589844,0.0283392334794694,1,0.026622,2583.226,0.020707,78644.961,101.8662,0,0.07,2.9,0,-1.12,-0.473808669488188,0.474017481200826,0.614300980417084
12,2014,2014-12-28,2058.899902,-0.00419738458457175,0,4736.049805,-0.0116672076096798,0,-0.005184,2902.516,0.030769,80802.742,111.0428,0,0.03,2.21,0.01,-0.55,-0.204242419052338,0.481769363348077,0.60673887058287
12,2015,2015-12-28,2043.939941,-0.0176856585364416,0,5007.410156,-0.0200202345879905,0,-0.013389,2952.696,-0.046625,71577.852,122.4385,0,0.23,2.24,0.11,-0.58,-0.539941794106119,0.494288797995334,0.584784325111818
12,2016,2016-12-28,2238.830078,0.0180371110586872,1,5383.120117,0.0111033268647205,1,0.021944,3296.003,0.040399,87251.297,128.5849,0,0.51,2.49,0.06,-0.74,-0.211068037908146,0.495270945056534,0.589480212681369
12,2017,2017-12-28,2673.610107,0.00978361446429155,1,6903.390137,0.00427076972153273,1,0.012175,4071.67,0.008059,99067.398,119.9826,0,1.32,2.4,0.0900000000000001,-0.79,-0.155546086733514,0.493221719728648,0.595786087153094
12,2018,2018-12-28,2506.850098,-0.0962652197660621,0,6635.279785,-0.0996483534118582,0,-0.088247,3952.308,-0.14457,83064.281,128.5311,0,2.37,2.83,0.04,-1.38,0.00243246859074368,0.50752001039946,0.622340131750736
12,2019,2019-12-28,3230.780029,0.0281887563558882,1,8972.599609,0.0348293141737397,1,0.030869,5179.407,0.082256,104550.906,129.1496,0,1.54,1.86,0,-0.15,-0.334934851810097,0.50406336834049,0.612530675924172
2,1999,1999-02-28,1238.329956,-0.0328151379191493,0,2288.030029,-0.0909527201638811,0,-0.032374,1511.051,-0.054857,11275.07,117.0531,0,4.44,5,0.100000000000001,-3.03,0.244051250762677,0.392170034334427,0.5109015954046
2,2000,2000-02-28,1366.420044,-0.0203130024416991,0,4696.689941,0.175588416007889,1,0.00643,1767,0.138943,17403.154,116.697,0,5.55,6.52,0.23,-5.05,0.297088532382659,0.389400963430905,0.540670267823192
2,2001,2001-02-28,1239.939941,-0.0968311453200803,0,2151.830078,-0.253513708063106,0,-0.101231,1473.543,-0.098711,14578.333,124.1138,0,4.88,5.1,-0.27,-3.56,0.632183908045972,0.387057141016085,0.536522202449628
2,2002,2002-02-28,1106.72998,-0.0209848613912635,0,1731.48999,-0.110623620068854,0,-0.020976,1304.852,-0.043937,16726.344,129.8401,0,1.72,4.91,0.0700000000000001,-3.44,0.226372382569328,0.393446293152358,0.457874406610265
2,2003,2003-02-28,841.150024,-0.0171498297500801,0,1337.52002,0.0124962491456406,1,-0.016683,1002.538,-0.025132,15678.392,123.1358,0,1.17,3.9,0,-2.37,0.442233278054161,0.413553582083936,0.502437613369303
2,2004,2004-02-28,1144.939941,0.0121350448776818,1,2029.819946,-0.0177398321283135,0,0.012491,1356.989,0.009665,33326.539,113.4172,0,0.93,4.08,0.05,-2.53,0.48833423765599,0.408956534551191,0.558110191605431
2,2005,2005-02-28,1203.599976,0.0187268980032282,1,2051.719971,-0.00519670762056812,0,0.018142,1411.875,0.006563,35182.934,109.2724,0,2.54,4.17,0.21,-2.51,0.210194429847596,0.422331302704115,0.576698915500094
2,2006,2006-02-28,1280.660034,0.000453054985814383,1,2281.389893,-0.0106515316214644,0,0.002424,1505.023,0.008402,41996.652,110.5265,0,4.43,4.57,0.19,-2.9,0.762195121951216,0.435893403788221,0.597423488817982
2,2007,2007-02-28,1406.819946,-0.02208833709589,0,2416.149902,-0.0195822849010057,0,-0.026751,1680.831,-0.001779,46568.711,106.9968,0,5.03,4.72,0.0499999999999998,-3.2,0.305252725470763,0.443998163149624,0.606676168084094
2,2008,2008-02-28,1330.630005,-0.0353797396290574,0,2271.47998,-0.0508032389751758,0,-0.028757,1661.606,-0.028048,38179.797,97.4121,1,2.12,3.74,-0.63,-2.04,0.497057647260469,0.46261436941939,0.573015998170707
2,2009,2009-02-28,735.090027,-0.116456513144467,0,1377.839966,-0.0691032374790952,0,-0.099583,978.082,-0.121292,18211.449,112.8293,1,0.3,2.87,0.17,-1.24,0.435241737542101,0.496069425552552,0.33693044494304
2,2010,2010-02-28,1104.48999,0.0281147396387649,1,2238.26001,0.0414642133529144,1,0.02754,1441.452,0.040729,40562.426,102.7888,0,0.11,3.69,0.05,-2,0.34174735701485,0.442463538578626,0.579665699567717
2,2011,2011-02-28,1327.219971,0.0314565770776234,1,2782.27002,0.0299857173715719,1,0.029643,1730.037,0.04437,52715.242,97.7751,0,0.13,3.58,-0.02,-1.79,0.476323005397414,0.437524269262849,0.609763184906405
2,2012,2012-02-28,1365.680054,0.0397873450206205,1,2966.889893,0.0529641002853403,1,0.043894,1827.544,0.02759,49063.254,98.0031,0,0.09,1.97,0.06,-0.2,0.440019142826751,0.457344418535376,0.621031224483778
2,2013,2013-02-28,1514.680054,0.0109999275518655,1,3160.189941,0.00573125704174871,1,0.012745,2070.754,0.003291,56664.035,100.3378,0,0.1,1.98,0.03,-0.39,0.295730419292604,0.472600604450996,0.610450787119701
2,2014,2014-02-28,1859.449951,0.042213374879041,1,4308.120117,0.0485688020521255,1,0.040538,2584.766,0.041786,81945.211,102.8805,0,0.05,2.71,0.01,-1.04,0.372024767323605,0.476818590643819,0.614453363570495
2,2015,2015-02-28,2104.5,0.0534388764431091,1,4963.529785,0.0684291097401371,1,0.057651,2969.079,0.061772,82217.07,114.1924,0,0.02,1.98,-0.01,-0.05,-0.470589237347324,0.483903172889778,0.60303073124621
2,2016,2016-02-28,1932.22998,-0.00413690563679125,0,4557.950195,-0.0122113615495216,0,-0.006437,2794.681,-0.008581,63646.363,123.2841,0,0.31,1.78,0.05,-0.31,0.165310220906868,0.500243550059541,0.590550480695485
2,2017,2017-02-28,2363.639893,0.0365230009990398,1,5825.439941,0.0368303283366718,1,0.041244,3495.298,0.009314,88406.797,125.7359,0,0.52,2.42,0.01,-0.82,0.582772789025459,0.494209710847162,0.591834303639526
2,2018,2018-02-28,2713.830078,-0.0397261077880096,0,7273.009766,-0.0188599428143981,0,-0.03459,4185.377,-0.041659,97682.32,118.0533,0,1.57,2.86,0.16,-1.09,0.544774545277541,0.494095697425159,0.598841651750301
2,2019,2019-02-28,2784.48999,0.0292955531541086,1,7532.529785,0.0338610694387693,1,0.029511,4376.127,0.067823,102377.758,126.5583,0,2.39,2.68,0.02,-1,0.190659666524684,0.504844443260059,0.618062456446676
3,1999,1999-03-28,1286.369995,0.038060632211975,1,2461.399902,0.073039055946996,1,0.042068,1574.617,-0.033778,10894.227,117.3074,0,4.44,5.23,0,-3.66,0.121728545343868,0.391330373439273,0.509723540569754
3,2000,2000-03-28,1498.579956,0.092323750560162,1,4572.830078,-0.0267257064095539,0,0.080682,1909.565,-0.041026,16689.18,116.5425,0,5.69,6.26,0.140000000000001,-4.79,0.592417061611377,0.387547631592084,0.540401641506448
3,2001,2001-03-28,1160.329956,-0.0663585342674295,0,1840.26001,-0.156411807724639,0,-0.069256,1371.491,-0.060658,13694.038,126.6436,0,4.42,4.89,-0.46,-3.29,0.39977155910909,0.391442182053555,0.539174456080561
3,2002,2002-03-28,1147.390015,0.0360801073971615,1,1845.349976,0.0636866446637292,1,0.032069,1346.698,0.0767,18009.258,129.0255,0,1.79,5.28,0.0700000000000001,-3.25,0.395256916996071,0.39081619158459,0.45481361733451
3,2003,2003-03-28,848.179993,0.00832283746749862,1,1341.170044,0.0027252322380118,1,0.012117,1014.685,0.011922,15865.314,123.5135,0,1.13,3.81,-0.04,-2.08,0.770500825536602,0.41331197628663,0.506108005940692
3,2004,2004-03-28,1126.209961,-0.0164942037683247,0,1994.219971,-0.0176941106636175,0,-0.019326,1330.764,0.003553,33444.949,113.9316,0,0.94,3.83,0.0099999999999999,-2.36,0.539956803455712,0.411620504301108,0.56248414834044
3,2005,2005-03-28,1180.589966,-0.0193027611135088,0,1999.22998,-0.025916355197305,0,-0.019272,1384.665,-0.038858,33815.805,110.1811,0,2.74,4.5,0.2,-2.73,0.576822233875206,0.424392320693474,0.578338965374209
3,2006,2006-03-28,1294.869995,0.0110347035592575,1,2339.790039,0.0252763389934385,1,0.010697,1521.122,0.049753,44086.109,110.941,0,4.51,4.72,0.0800000000000001,-2.92,0.20171457387795,0.436253362443394,0.598151244791512
3,2007,2007-03-28,1420.859985,0.00993051174274218,1,2421.639893,0.00226962873101666,1,0.012299,1701.503,0.000626,46597.867,106.2281,0,4.94,4.56,-0.0899999999999999,-2.93,0.535036755987662,0.446710722159288,0.609813316598892
3,2008,2008-03-28,1322.699951,-0.00597745304443009,0,2279.100098,0.00334907857541822,1,-0.002856,1656.861,-0.027274,37138.477,96.0393,1,1.26,3.51,-0.86,-1.9,0.290411218495348,0.465380902566825,0.570901540776383
3,2009,2009-03-28,797.869995,0.0819526932177634,1,1528.589966,0.103828688759683,1,0.087761,1063.92,0.106378,20148.744,109.7315,1,0.21,2.82,-0.09,-1.39,0.497293303590475,0.498590088387896,0.290473985080685
3,2010,2010-03-28,1169.430054,0.057132815875776,1,2397.959961,0.0689195768691686,1,0.057749,1524.695,0.084082,43973.004,102.1642,0,0.15,3.73,0.04,-1.98,0.024920738207648,0.437843105850598,0.58299784213101
3,2011,2011-03-28,1325.829956,-0.00104786201951335,0,2781.070068,-0.000431378272629956,0,-0.003951,1723.201,0.000707,52752.496,96.5919,0,0.1,3.41,-0.03,-1.79,0.493136502545162,0.439672071035589,0.613121581104251
3,2012,2012-03-28,1408.469971,0.0308514756321125,1,3091.570068,0.0411648444148121,1,0.035557,1892.525,0.042457,51146.332,98.6622,0,0.08,2.17,-0.01,-0.35,0.440297355127631,0.457225314729213,0.619560135693915
3,2013,2013-03-28,1569.189941,0.0353552938799728,1,3267.52002,0.033399159802082,1,0.037574,2148.56,0.049866,59489.645,100.4506,0,0.09,1.96,-0.01,-0.26,0.819002952926876,0.472217518324969,0.608983074922282
3,2014,2014-03-28,1872.339966,0.00690824861534711,1,4198.990234,-0.0256575653099187,0,0.009835,2610.188,-0.002862,81710.688,103.1748,0,0.05,2.72,0,-1.03,0.369790865096873,0.476730604985159,0.612682333650109
3,2015,2015-03-28,2067.889893,-0.0175491972299513,0,4900.879883,-0.0127023808801479,0,-0.018313,2914.708,0.000811,82283.781,115.587,0,0.03,2.04,0.01,-0.37,0.434304492377206,0.485454147727964,0.601776268367069
3,2016,2016-03-28,2059.73999,0.0639049904156357,1,4869.850098,0.0661901521004591,1,0.064135,2973.917,0.069163,68048.359,120.5275,0,0.29,1.89,-0.02,-0.11,0.0823076533454985,0.496787863124138,0.585858821666609
3,2017,2017-03-28,2362.719971,-0.000389272944967267,0,5911.740234,0.0147057209602348,1,0.002174,3502.897,0.012641,89524.375,123.881,0,0.74,2.48,0.22,-0.73,0.314611738641666,0.493849776309395,0.593111923872608
3,2018,2018-03-28,2640.870117,-0.0272524973918795,0,7063.450195,-0.0292365756384463,0,-0.032053,4051.224,0.033732,100977.359,117.6958,0,1.7,2.84,0.13,-1.24,0.45346899748655,0.495065418825266,0.60095310204074
3,2019,2019-03-28,2834.399902,0.0177655108531232,1,7729.319824,0.0257899207942884,1,0.019788,4462.723,-0.020528,100276.141,127.0276,0,2.4,2.57,0.00999999999999979,-1.1,0.422705314009692,0.504641022019155,0.617316097629776
4,1999,1999-04-28,1335.180054,0.0372418602797273,1,2542.860107,0.0325592199748455,1,0.030213,1622.191,0.072808,11687.41,116.5664,0,4.29,5.18,-0.15,-3.62,0.303951367781164,0.389122884623752,0.509998295194884
4,2000,2000-04-28,1452.430054,-0.0312799107178776,0,3860.659912,-0.169294155798511,0,-0.052073,1810.128,-0.074328,15448.707,117.8097,0,5.66,5.99,-0.0300000000000002,-4.4,0.824499411071837,0.386682254032239,0.540282619128644
4,2001,2001-04-28,1249.459961,0.0740070172627432,1,2116.23999,0.139734052968832,1,0.075246,1474.69,0.056288,14464.848,126.0738,1,3.87,5.14,-0.55,-3.3,0.227531285551749,0.390458450011477,0.529672468258196
4,2002,2002-04-28,1076.920044,-0.063384655000303,0,1688.22998,-0.088988317423504,0,-0.067378,1255.96,0.00376,18076.969,128.2969,0,1.71,5.21,-0.0800000000000001,-3.79,0.562429696287966,0.393778863293981,0.461082044652962
4,2003,2003-04-28,916.919983,0.0779273397421107,1,1464.310059,0.0878417819111226,1,0.080718,1096.589,0.107306,17567.76,120.8654,0,1.13,3.96,0,-2.2,0.600764609502999,0.410087851584702,0.509075644934612
4,2004,2004-04-28,1107.300049,-0.0169333146133397,0,1920.150024,-0.0378496614174679,0,-0.009956,1317.515,-0.035203,32267.6,115.9624,0,0.94,4.35,0,-2.23,0.644468313641263,0.412625458012995,0.565543718638347
4,2005,2005-04-28,1156.849976,-0.0203135112945025,0,1921.650024,-0.0395778919468839,0,-0.01388,1365.446,-0.060229,31779.117,109.7445,0,2.78,4.34,0.0399999999999996,-2.87,0.782064650677772,0.427546363872223,0.582810886131413
4,2006,2006-04-28,1310.609985,0.0120823660914837,1,2322.570068,-0.00738683795584816,0,0.013049,1540.971,0.004969,44305.191,109.1831,0,4.6,4.99,0.0899999999999999,-3.23,0.55359838953198,0.43719843445662,0.598775101836345
4,2007,2007-04-28,1482.369995,0.0423798434216147,1,2525.090088,0.0418317880980625,1,0.042318,1773.507,0.022641,47652.906,104.9058,0,4.87,4.69,-0.0700000000000003,-3.02,0.910569585108543,0.445522112930314,0.607478403472694
4,2008,2008-04-28,1385.589966,0.046450952167211,1,2412.800049,0.0570072479452781,1,0.043661,1729.202,0.01139,37561.5,95.7896,1,1.29,3.68,0.03,-1.82,0.866821293098967,0.463496991728887,0.560673794471726
4,2009,2009-04-28,872.809998,0.0897722188962051,1,1717.300049,0.116407598912109,1,0.070341,1138.757,0.250342,25192.824,109.3471,1,0.16,2.93,-0.05,-1.08,0.24317484554154,0.487117833716346,0.290265047523425
4,2010,2010-04-28,1186.689941,0.014651372417398,1,2461.189941,0.0260265892098932,1,0.007679,1536.403,0.094397,48123.918,101.6967,0,0.16,3.85,0.01,-2.21,0.410628353657108,0.435783920295951,0.584518752721452
4,2011,2011-04-28,1363.609985,0.0280969385536762,1,2873.540039,0.0327089625591901,1,0.02865,1772.57,0.011456,53356.816,94.6246,0,0.06,3.46,-0.04,-1.84,0.975107203050938,0.440187619498843,0.612819896135472
4,2012,2012-04-28,1397.910034,-0.00752569988430718,0,3046.360107,-0.0147316040850161,0,-0.006708,1879.829,-0.014019,50429.297,99.0759,0,0.08,2.05,0,-0.6,0.759455862393086,0.458961170404507,0.619405296778604
4,2013,2013-04-28,1597.569946,0.0179241659146046,1,3328.790039,0.0185775928066079,1,0.0191,2189.597,0.000194,59501.164,100.4409,0,0.06,1.76,-0.03,-0.24,0.261450858437495,0.473041067854102,0.609592709632897
4,2014,2014-04-28,1883.949951,0.00618164317838321,1,4114.560059,-0.0203121590370454,0,0.00756,2629.92,-0.045323,78007.352,102.5504,0,0.03,2.71,-0.02,-1.1,0.644004412622824,0.47809100449668,0.613646987953945
4,2015,2015-04-28,2085.51001,0.00848472245300602,1,4941.419922,0.00823796654657727,1,0.011759,2948.98,0.013662,83407.945,114.0987,0,0.02,1.94,-0.01,-0.31,0.595172161109732,0.485991501123411,0.599291165943914
4,2016,2016-04-28,2065.300049,0.00269576164816421,1,4775.359863,-0.0195938208505808,0,0.004444,2987.133,0.072828,73004.156,119.1796,0,0.23,1.81,-0.06,-0.15,0.430600014339268,0.495652115396752,0.584094456683446
4,2017,2017-04-28,2384.199951,0.0090501322804597,1,6047.609863,0.0227228861055213,1,0.012126,3545.374,0.001557,89663.805,124.0104,0,0.8,2.3,0.0600000000000001,-0.77,0.0812797871947232,0.494826895359155,0.594936938210372
4,2018,2018-04-28,2648.050049,0.00271508594773096,1,7066.27002,0.000399133881566982,1,0.005798,4074.714,0.021041,103102.063,118.8137,0,1.76,2.87,0.0600000000000001,-1.11,0.226112590414904,0.49705206648253,0.604907997734002
4,2019,2019-04-28,2945.830078,0.0385603974964157,1,8095.390137,0.0462739137726143,1,0.042059,4650.421,0.02024,102305.742,127.405,0,2.38,2.53,-0.02,-0.78,0.564135835680577,0.503291634591634,0.61487830857763
5,1999,1999-05-28,1301.839966,-0.0252875324145867,0,2470.52002,-0.0288608110226223,0,-0.032438,1569.571,0.040646,12162.46,117.1821,0,4.5,5.54,0.21,-3.73,0.727272727272714,0.389231996967989,0.513222431351713
5,2000,2000-05-28,1420.599976,-0.0221587523033051,0,3400.909912,-0.126795113528065,0,-0.040154,1737.445,-0.047518,14714.615,119.702,0,5.79,6.44,0.13,-4.6,0.058411214953279,0.388104341190238,0.543383807981403
5,2001,2001-05-28,1255.819946,0.00507727591229923,1,2110.48999,-0.00272078111178686,0,0.003478,1479.82,0.069025,15463.284,126.8885,1,3.62,5.39,-0.25,-3.72,0.3972758229285,0.385996755847254,0.51498006798029
5,2002,2002-05-28,1067.140015,-0.00912296909812227,0,1615.72998,-0.043893776415822,0,-0.006208,1248.163,-0.007783,17936.277,126.3225,0,1.73,5.16,0.02,-3.48,0.559284116331084,0.396452333381959,0.466837266886586
5,2003,2003-05-28,963.590027,0.0496457120498341,1,1595.910034,0.0860599457151663,1,0.043424,1144.208,0.160951,20395.311,117.3658,0,1.07,3.57,-0.0599999999999998,-2.26,-0.217155266015187,0.406981533821597,0.511686587977646
5,2004,2004-05-28,1120.680054,0.0120110281388106,1,1986.73999,0.0340917789590822,1,0.00988,1330.532,-0.011484,31897.037,116.8712,0,1.02,4.72,0.0800000000000001,-2.9,0.320170757737461,0.415795698167635,0.571421230723791
5,2005,2005-05-28,1191.5,0.029512244131098,1,2068.219971,0.0735041154672373,1,0.030747,1407.43,0.043424,33159.09,111.031,0,2.84,4.14,0.0600000000000001,-2.58,0.672529746508014,0.428480581383686,0.584172642564988
5,2006,2006-05-28,1270.089966,-0.0314049289105967,0,2178.879883,-0.0638634308498327,0,-0.025273,1502.025,-0.045815,42275.34,107.8972,0,4.72,5.11,0.12,-3.44,0.850850850850834,0.439100255684789,0.600697950702155
5,2007,2007-05-28,1530.619995,0.0320307238543878,1,2604.52002,0.0309716643629647,1,0.034898,1835.4,0.020097,48610.582,104.3006,0,4.73,4.75,-0.14,-3,0.649616268650889,0.444741886822955,0.605787202275421
5,2008,2008-05-28,1400.380005,0.0106176147613928,1,2522.659912,0.0445259463481751,1,0.009706,1745.986,0.023468,38443.012,95.3328,1,1.73,3.88,0.44,-2.14,0.606477838971956,0.462615843349831,0.551436241277817
5,2009,2009-05-28,919.140015,0.0517205770319347,1,1774.329956,0.0326695435419468,1,0.052934,1199.037,0.140637,28735.861,104.9504,1,0.18,3.29,0.02,-1.53,0.249636827778799,0.479620296079306,0.291915270373086
5,2010,2010-05-28,1089.410034,-0.0855315727060928,0,2257.040039,-0.086590711246834,0,-0.080238,1413.126,-0.0874,43917.875,105.6469,0,0.16,3.42,0,-2.06,0.173688491069743,0.439904275689647,0.594256352387052
5,2011,2011-05-28,1345.199951,-0.0135929193252355,0,2835.300049,-0.0133969637780238,0,-0.015727,1744.693,-0.027263,51902.129,95.832,0,0.04,3.17,-0.02,-1.69,0.643942953545699,0.441679005258821,0.613832691689733
5,2012,2012-05-28,1310.329956,-0.0646993080718206,0,2827.340088,-0.0746110989598714,0,-0.056428,1773.754,-0.065103,47146.203,102.2143,0,0.09,1.8,0.01,-0.32,0.302102950408034,0.462717995290429,0.621938829077215
5,2013,2013-05-28,1630.73999,0.0205502024207274,1,3455.909912,0.037476897159932,1,0.024025,2242.203,0.052171,62605.395,101.4669,0,0.04,1.93,-0.02,-0.0700000000000001,-0.103963947708716,0.471858626510207,0.607693742958782
5,2014,2014-05-28,1923.569946,0.0208121959543162,1,4242.620117,0.0306491136422657,1,0.023092,2690.651,-0.001595,77882.891,102.2071,0,0.03,2.56,0,-1.04,0.329675445315773,0.478634305989351,0.613516294120559
5,2015,2015-05-28,2107.389893,0.0104367297631427,1,5070.029785,0.0256939688373414,1,0.013995,2990.25,-0.00714,82812.406,114.8517,0,0.02,2.2,0,-0.42,0.203287325458769,0.486457092637884,0.596717834809125
5,2016,2016-05-28,2096.949951,0.0152083666453393,1,4948.049805,0.035524185090658,1,0.01806,3041.082,-0.013717,72002.758,121.5983,0,0.27,1.81,0.04,-0.2,0.4741067979104,0.496558608976256,0.584705478792462
5,2017,2017-05-28,2411.800049,0.0115097592543334,1,6198.52002,0.024647427087034,1,0.01704,3605.788,-0.03242,86756.906,122.7216,0,0.89,2.3,0.09,-0.66,0.296553336532688,0.494631718282579,0.59535038206454
5,2018,2018-05-28,2705.27002,0.0213781912914328,1,7442.120117,0.0518230080241491,1,0.027111,4185.182,0.063169,109614.891,122.1642,0,1.86,2.98,0.1,-1.32,0.397509156334893,0.496754724979271,0.60602909378424
5,2019,2019-05-28,2752.060059,-0.0680408938928245,0,7453.149902,-0.0826580321079433,0,-0.064708,4349.501,-0.096049,92479.414,129.1627,0,2.35,2.4,-0.0299999999999998,-0.88,0.529500161289074,0.50523046526435,0.616475533081372
6,1999,1999-06-28,1372.709961,0.0530082374975933,1,2686.120117,0.0836691538650536,1,0.054717,1655.454,0.027016,12491.038,117.2244,0,4.57,5.9,0.0700000000000003,-4.01,0,0.38962042286734,0.516751907289306
6,2000,2000-06-28,1454.599976,0.0236516315516191,1,3966.110107,0.153742775451033,1,0.049073,1822.706,0.039071,15289.527,119.0841,0,5.69,6.1,-0.0999999999999996,-4.66,0.116754232340923,0.386332193787675,0.541980931071947
6,2001,2001-06-28,1224.380005,-0.0253541051659312,0,2160.540039,0.0234380652250623,1,-0.025926,1441.453,0.002995,15509.595,127.1342,1,3.49,5.28,-0.13,-3.8,0.452232899943458,0.386561486644086,0.506222164532192
6,2002,2002-06-28,989.820007,-0.0752143502601754,0,1463.209961,-0.0991542288002512,0,-0.07285,1157.234,-0.056021,16931.469,124.8555,0,1.7,4.93,-0.03,-3.45,0,0.400926717393498,0.474763578345644
6,2003,2003-06-28,974.5,0.0112585979906363,1,1622.800049,0.0167089547802783,1,0.01605,1162.572,0.06659,21753.438,117.428,0,0.92,3.33,-0.15,-1.74,-0.163220892274219,0.403608720931721,0.513713827257543
6,2004,2004-06-28,1140.839966,0.0178291112616815,1,2047.790039,0.0302660824559968,1,0.01329,1348.215,0.019961,32533.725,115.4598,0,1.27,4.73,0.25,-3.03,0.585106382978719,0.415669817075155,0.572780213309272
6,2005,2005-06-28,1191.329956,-0.000142724410410189,0,2056.959961,-0.00545917421803654,0,-0.003993,1401.81,0.046872,34713.32,111.7033,0,2.97,4,0.13,-2.37,-0.102774922918795,0.42882190400165,0.584783193762306
6,2006,2006-06-28,1270.199951,8.65924785458105e-05,1,2172.090088,-0.00312105142386621,0,0.001563,1504.373,-0.010227,41843.008,109.3995,0,4.79,5.11,0.0700000000000003,-3.49,0.496277915632743,0.442205677815948,0.604290489875488
6,2007,2007-06-28,1503.349976,-0.0179769435176871,0,2603.22998,-0.000495430858388879,0,-0.016701,1804.747,-0.005348,48350.613,104.3136,0,4.61,5.1,-0.12,-3.27,0.61107186747047,0.445824939480716,0.606572508103776
6,2008,2008-06-28,1280,-0.0898835540015046,0,2292.97998,-0.0954615925705697,0,-0.080709,1605.069,-0.087975,35060.992,95.9977,1,1.86,4.1,0.13,-2.43,0.842088603175631,0.466196212338448,0.546987766846569
6,2009,2009-06-28,919.320007,0.000195807358790212,1,1835.040039,0.0336434388042299,1,0.004318,1204.214,0.055089,30318.9,105.2782,1,0.18,3.72,0,-1.84,0.288876383417745,0.474630338023402,0.295159469987123
6,2010,2010-06-28,1030.709961,-0.055388449179925,0,2109.23999,-0.0677265493086701,0,-0.049771,1342.793,-0.080227,40394.496,104.4167,0,0.12,3.2,-0.04,-1.68,0.0775197354237721,0.442606969374946,0.601930570322704
6,2011,2011-06-28,1320.640015,-0.0184261855179582,0,2773.52002,-0.0220304901657977,0,-0.016088,1716.624,-0.024033,50654.789,95.5541,0,0.04,3,0,-1.42,0.470418752723364,0.445808630079982,0.618587402138568
6,2012,2012-06-28,1362.160034,0.0387927197835216,1,2935.050049,0.0373881341642353,1,0.042344,1848.862,0.063576,50143.59,102.1746,0,0.09,1.62,0,0.0399999999999998,-0.117347936632105,0.465158459581421,0.622762230221663
6,2013,2013-06-28,1606.280029,-0.0151129288113783,0,3403.25,-0.0153549260619812,0,-0.013869,2211.106,0.019804,63845.207,102.5355,0,0.05,2.3,0.01,-0.53,0.178040777358723,0.474280146223491,0.61037385303649
6,2014,2014-06-28,1960.22998,0.0188789966247045,1,4408.180176,0.0382809152756849,1,0.017789,2738.516,0.046811,81528.648,102.1257,0,0.04,2.6,0.01,-0.85,0.34926098400487,0.478095086580922,0.612072553433001
6,2015,2015-06-28,2063.110107,-0.0212355592764322,0,4986.870117,-0.0165382104296814,0,-0.017619,2937.564,-0.000655,82758.133,114.4044,0,0.02,2.36,0,-0.49,0.509723202549469,0.487813699266548,0.595204352369993
6,2016,2016-06-28,2098.860107,0.000910506484116169,1,4842.669922,-0.0215273147529231,0,0.001054,3044.288,-0.00355,71747.148,121.2906,0,0.27,1.64,0,-0.21,0.404579099811517,0.496544631037561,0.584270224093773
6,2017,2017-06-28,2423.409912,0.00480222592410762,1,6140.419922,-0.0094174260788229,0,0.005257,3624.744,0.045742,90725.367,121.9802,0,0.98,2.19,0.09,-0.58,0.0854721826896363,0.494379320659533,0.595666555561558
6,2018,2018-06-28,2718.370117,0.0048307491443218,1,7510.299805,0.00911961553811658,1,0.005418,4207.856,0.027119,112587.531,124.1925,0,1.9,2.91,0.0399999999999998,-1.2,0.4158916925435,0.496359162387863,0.606992316386621
6,2019,2019-06-28,2941.76001,0.0666583014950808,1,8006.240234,0.0715845181931964,1,0.069181,4650.402,0.041078,96278.313,127.4423,0,2.17,2.07,-0.18,-0.51,0.212875858938411,0.505300987201444,0.615789848732386
7,1999,1999-07-28,1328.719971,-0.0325708087678436,0,2638.48999,-0.0178910367244942,0,-0.034122,1598.966,0.02302,12778.588,116.8635,0,4.55,5.79,-0.0200000000000005,-4.18,0,0.387794008090058,0.516927005840481
7,2000,2000-07-28,1430.829956,-0.0164762675163637,0,3766.98999,-0.0515095210260519,0,-0.020463,1785.408,-0.009233,15148.354,118.9883,0,5.96,6.05,0.27,-4.4,0.524781341107882,0.384945227204815,0.542970938334492
7,2001,2001-07-28,1211.22998,-0.0107982418017398,0,2027.130005,-0.0637372064339727,0,-0.008703,1428.908,-0.007227,15397.504,127.269,1,3.51,5.24,0.0199999999999996,-3.79,0.16882386043895,0.388269456956378,0.496940164647926
7,2002,2002-07-28,911.619995,-0.0822998843946339,0,1328.26001,-0.0967628032007379,0,-0.064648,1082.421,-0.108985,15086.191,124.7945,0,1.68,4.65,-0.02,-3.23,0.0556173526140231,0.406983937842658,0.488729093638065
7,2003,2003-07-28,990.309998,0.0160935044592039,1,1735.02002,0.0668658696922693,1,0.015773,1180.909,0.088562,23679.967,118.6585,0,0.9,3.98,-0.02,-1.91,0.108991825613079,0.40458989334545,0.518886956435249
7,2004,2004-07-28,1101.719971,-0.0348922347352065,0,1887.359985,-0.0815821626450832,0,-0.031872,1305.245,-0.067742,30329.826,115.5958,0,1.33,4.5,0.0600000000000001,-2.99,0.317292437863566,0.418545967490792,0.576110862890191
7,2005,2005-07-28,1234.180054,0.0353365325519874,1,2184.830078,0.0603089122909006,1,0.032424,1447.261,0.078221,37428.617,111.7399,0,3.22,4.18,0.25,-2.31,0.0514403292181004,0.429031776149548,0.585786161370896
7,2006,2006-07-28,1276.660034,0.00507298940055367,1,2091.469971,-0.0378227240322992,0,0.011197,1521.217,-0.032433,40485.91,108.7951,0,4.95,5.09,0.16,-3.52,0.197530864197532,0.443165764831592,0.606348629530238
7,2007,2007-07-28,1455.27002,-0.0325044711336862,0,2546.27002,-0.0221234229403571,0,-0.02689,1756.218,-0.059067,45494.664,102.421,0,4.82,5,0.21,-3.4,0.193797517660565,0.44696439687384,0.602782782660153
7,2008,2008-07-28,1267.380005,-0.00990829654130998,0,2325.550049,0.0141043183562264,1,-0.00678,1594.186,0.019449,35742.879,95.4625,1,1.63,4.01,-0.23,-2.36,1.0076996934894,0.470660672550676,0.546913708105173
7,2009,2009-07-28,987.47998,0.071521949220994,1,1978.5,0.0752726809563242,1,0.070839,1289.52,0.107206,33569.277,103.6626,0,0.18,3.56,0,-1.9,0.858989226395336,0.470673284593768,0.324218497765774
7,2010,2010-07-28,1101.599976,0.0665157993260923,1,2254.699951,0.0666892163883217,1,0.068754,1435.115,0.058099,42741.395,102.6551,0,0.16,3.01,0.04,-1.34,-0.0976267084673888,0.443463687833511,0.605567296773332
7,2011,2011-07-28,1292.280029,-0.0217083563525993,0,2756.379883,-0.00619909661664586,0,-0.014535,1691.673,-0.022974,49491.07,93.9576,0,0.04,3,0,-1.55,-0.107096705669922,0.445600289838424,0.617804932235794
7,2012,2012-07-28,1379.319946,0.0125188848626276,1,2939.52002,0.00152180391421375,1,0.015068,1876.721,-0.014633,49409.836,101.9744,0,0.1,1.53,0.01,-0.04,-0.146639688445049,0.465454398015238,0.619683817270725
7,2013,2013-07-28,1685.72998,0.0482777279585402,1,3626.370117,0.0635013227963981,1,0.051425,2324.813,0.080637,68993.477,101.4606,0,0.04,2.58,-0.01,-0.89,0.23997080855995,0.473869735062248,0.609554646824369
7,2014,2014-07-28,1930.670044,-0.0151946873705358,0,4369.77002,-0.00875156506804053,0,-0.010861,2708.771,-0.054817,77059.484,102.3361,0,0.03,2.54,-0.01,-0.9,0.186212694409411,0.478557087933408,0.612210705930164
7,2015,2015-07-28,2103.840088,0.0195496832464928,1,5128.279785,0.0279617964778165,1,0.02419,3008.622,-0.049745,78641.367,117.5874,0,0.03,2.32,0.01,-0.72,0.350286999852812,0.488782444542962,0.593424200531528
7,2016,2016-07-28,2173.600098,0.0349904330502033,1,5162.129883,0.0638830569416768,1,0.034901,3150.536,0.053386,75577.461,122.2401,0,0.3,1.5,0.03,0.14,0.328436616728188,0.495112370053946,0.583006098302263
7,2017,2017-07-28,2470.300049,0.0191640176618098,1,6348.120117,0.0332655934821364,1,0.022342,3705.728,-0.013285,89520.094,119.5165,0,1.07,2.32,0.0900000000000001,-0.68,0.0907111014861139,0.494723445767294,0.596288778746989
7,2018,2018-07-28,2816.290039,0.0353879507843073,1,7671.790039,0.021274584275762,1,0.038232,4368.73,-0.006862,111814.969,124.4588,0,1.96,2.89,0.0600000000000001,-1.22,0.159387570154372,0.496580476651309,0.608596345417988
7,2019,2019-07-28,2980.379883,0.0130427248169456,1,8175.419922,0.0209108152044717,1,0.015725,4723.528,-0.032422,93156.758,128.3086,0,2.1,2.06,-0.0699999999999998,-0.37,0.0199147181481604,0.503872220080855,0.612288893490972
8,1999,1999-08-28,1320.410034,-0.00627373080270299,0,2739.350098,0.0375139217207705,1,-0.003249,1593.771,-0.024423,12466.491,116.2304,0,4.72,5.94,0.17,-4.29,0.300842358604085,0.390513070595873,0.52297472427045
8,2000,2000-08-28,1517.680054,0.0589282239202173,1,4206.350098,0.110319040152618,1,0.07172,1913.458,0.040553,15762.67,119.8287,0,6.09,5.83,0.13,-4.41,0.23201856148492,0.383589827499177,0.543900354467719
8,2001,2001-08-28,1133.579956,-0.066255628190409,0,1805.430054,-0.115822181598501,0,-0.068487,1331.047,-0.030947,14920.999,125.027,1,3.36,4.97,-0.15,-3.44,-0.280898876404488,0.38955524240121,0.486212425595991
8,2002,2002-08-28,916.070007,0.00486955751639506,1,1314.849976,-0.0101472501230715,0,0.006885,1089.873,-0.004866,15012.779,125.2036,0,1.62,4.26,-0.0599999999999998,-2.88,0.111172873818774,0.405657560200848,0.493706691677591
8,2003,2003-08-28,1008.01001,0.0177153557307426,1,1810.449951,0.0425564538594925,1,0.012419,1195.575,0.046786,24787.854,120.5154,0,0.95,4.45,0.0499999999999999,-2.86,0.108873162765379,0.406007258499858,0.524469012765552
8,2004,2004-08-28,1104.23999,0.00228473783819005,1,1838.099976,-0.02644660289649,0,0.004539,1311.17,-0.01186,29970.102,114.8188,0,1.48,4.28,0.15,-2.87,-0.158144438587237,0.420831632588727,0.578736074845947
8,2005,2005-08-28,1220.329956,-0.0112855477819274,0,2152.090088,-0.0150985541409216,0,-0.007371,1436.593,-0.004201,37271.387,110.8127,0,3.44,4.26,0.22,-2.65,0.462724935732656,0.430125802351574,0.587969542284752
8,2006,2006-08-28,1303.819946,0.021051056539239,1,2183.75,0.0431764283071443,1,0.02429,1558.167,0.021412,41352.793,107.8884,0,4.96,4.88,0.00999999999999979,-3.36,0.295712173484489,0.443150694535565,0.607041372042826
8,2007,2007-08-28,1473.98999,0.0127815385378183,1,2596.360107,0.0194809542524261,1,0.020654,1792.491,-0.019351,44614.277,103.5008,0,4.2,4.67,-0.62,-3.15,-0.0254377207802054,0.45108658255367,0.602933401597973
8,2008,2008-08-28,1282.829956,0.0121167592163998,1,2367.52002,0.0178864109460584,1,0.012438,1614.015,0.030797,36843.652,98.2565,1,1.72,3.89,0.0900000000000001,-2.36,0.525101112812213,0.469604055294671,0.540290168343278
8,2009,2009-08-28,1020.619995,0.0330093367027287,1,2009.060059,0.0153279985152324,1,0.029088,1327.03,0.081934,36319.75,103.1529,0,0.17,3.59,-0.00999999999999998,-1.89,-0.158558692215323,0.462170967912448,0.344793293299655
8,2010,2010-08-28,1049.329956,-0.0486118233154089,0,2114.030029,-0.064420812505813,0,-0.043727,1372.362,-0.087534,39000.082,102.9749,0,0.16,2.7,0,-1.31,0.0211043057371509,0.443734691874463,0.608222103701206
8,2011,2011-08-28,1218.890015,-0.0584675017537988,0,2579.459961,-0.0663381226049493,0,-0.050217,1606.723,-0.10699,44196.016,95.1422,0,0.02,2.3,-0.02,-1.19,0.0886045666793554,0.454221105947856,0.629245639261679
8,2012,2012-08-28,1406.579956,0.0195706098725603,1,3066.959961,0.0424405207511773,1,0.021298,1916.693,0.025287,50659.254,100.4956,0,0.1,1.68,0,0.12,-0.162978586182561,0.465473389428504,0.616221197482966
8,2013,2013-08-28,1632.969971,-0.0317982675780755,0,3589.870117,-0.0101161574697706,0,-0.027929,2259.884,-0.028931,66997.445,102.4086,0,0.04,2.74,0,-0.97,0.0393997533233011,0.47528946436833,0.611143238437387
8,2014,2014-08-28,2003.369995,0.0369636443211681,1,4580.27002,0.0470475719997534,1,0.039326,2815.297,0.042633,80344.766,103.1148,0,0.03,2.42,0,-0.95,-0.0390193964161093,0.480214819533526,0.613871638112372
8,2015,2015-08-28,1972.180054,-0.0646247308985419,0,4776.509766,-0.0710601730682647,0,-0.063774,2816.75,-0.035058,75884.352,119.5053,0,0.07,2.17,0.04,-0.57,0.0067047159295661,0.491245313522857,0.593474689487115
8,2016,2016-08-28,2170.949951,-0.00121998701767012,0,5213.220215,0.00984848597218502,1,0.00267,3158.949,0.032862,78061.117,120.9785,0,0.3,1.56,0,0.17,-0.161813640474981,0.495007175594808,0.583311093255493
8,2017,2017-08-28,2471.649902,0.000546283571041251,1,6428.660156,0.0126074181563762,1,0.007772,3734.531,-0.014497,88222.344,118.4013,0,1.01,2.21,-0.0600000000000001,-0.67,-0.0689922638852295,0.495501331203109,0.597460750275711
8,2018,2018-08-28,2901.52002,0.029814314708128,1,8109.540039,0.0554911812018872,1,0.036074,4526.328,0.022793,114363.531,125.4592,0,2.03,2.89,0.0699999999999998,-1.33,0.00674632622851716,0.496257628927261,0.609473280009697
8,2019,2019-08-28,2926.459961,-0.018257281784817,0,7962.879883,-0.0263413532983705,0,-0.016252,4646.76,-0.049285,88565.523,131.0308,0,1.95,1.63,-0.15,-0.39,0.167094162245338,0.50682905454446,0.614120313535996
9,1999,1999-09-28,1282.709961,-0.0289673232362908,0,2746.159912,0.00248283841824648,1,-0.025282,1553.477,-0.027347,12125.564,115.47,0,4.68,5.92,-0.04,-4.35,0.239952009598097,0.39139888038781,0.526625875941203
9,2000,2000-09-28,1436.51001,-0.0549663209040547,0,3672.820068,-0.135635533682869,0,-0.056161,1805.996,-0.02343,15393.351,121.4353,0,6,5.8,-0.0899999999999999,-4.1,0,0.38320715697415,0.546294871945026
9,2001,2001-09-28,1040.939941,-0.0852566331114488,0,1498.800049,-0.186133999839634,0,-0.071303,1236.14,-0.112544,13241.734,125.8286,1,2.64,4.73,-0.72,-3.22,0,0.396494849495376,0.480939353456896
9,2002,2002-09-28,815.280029,-0.116561140518603,0,1172.060059,-0.114959637706938,0,-0.108348,971.788,-0.076082,13870.579,126.8154,0,1.63,3.87,0.00999999999999979,-2.51,0.333148250971684,0.407925071969401,0.502888487603781
9,2003,2003-09-28,995.969971,-0.0120162716058649,0,1786.939941,-0.0130707793257745,0,-0.009679,1184.002,0.041735,25822.371,117.1159,0,0.94,4.27,-0.01,-2.82,0.380641653072316,0.405485283950026,0.527317655677949
9,2004,2004-09-28,1114.579956,0.0093203063814542,1,1896.839966,0.0314569094099983,1,0.004727,1317.368,0.039957,31167.613,114.3201,0,1.65,4.13,0.17,-2.5,0.0527983104540587,0.420690686804272,0.577927617653737
9,2005,2005-09-28,1228.810059,0.00692499149661163,1,2151.689941,-0.000185951418733232,0,0.005352,1444.282,0.014658,37817.715,111.1732,0,3.42,4.2,-0.02,-2.39,0.511770726714434,0.431228225649506,0.590140206315347
9,2006,2006-09-28,1335.849976,0.0242693996459753,1,2258.429932,0.0336262690340732,1,0.027031,1600.286,0.005531,41581.535,108.0358,0,4.81,4.72,-0.15,-3.11,0.196560196560197,0.442978355409384,0.607487240549837
9,2007,2007-09-28,1526.75,0.0351682904217974,1,2701.5,0.0396966689786336,1,0.040628,1865.316,0.020859,45544.902,101.0717,0,3.89,4.52,-0.31,-2.91,-0.183390222708711,0.450685446923515,0.596935233138938
9,2008,2008-09-28,1166.359985,-0.0951807653357317,0,2091.879883,-0.123779874969521,0,-0.080237,1484.511,-0.094284,33369.879,99.6617,1,1.13,3.69,-0.59,-2.2,-0.399156225564174,0.473263125464297,0.538780736252824
9,2009,2009-09-28,1057.079956,0.0351000674308315,1,2122.419922,0.0548899299823011,1,0.031915,1369.382,0.071897,38931.035,102.2867,0,0.12,3.4,-0.05,-1.77,0.224285004481049,0.456585032101901,0.363803670633084
9,2010,2010-09-28,1141.199951,0.0839284740895421,1,2368.620117,0.113711464299792,1,0.085866,1490.202,0.109398,43266.609,100.1222,0,0.15,2.65,-0.01,-0.84,0.138066427840807,0.442382619418421,0.608679578090086
9,2011,2011-09-28,1131.420044,-0.074467100959879,0,2415.399902,-0.0657151952955646,0,-0.062471,1506.349,-0.108492,39401.105,99.753,0,0.01,1.98,-0.01,-0.6,0.27575889023645,0.456425888367793,0.631810147019428
9,2012,2012-09-28,1440.670044,0.0239471188730942,1,3116.22998,0.0159371011764602,1,0.027562,1969.52,0.051981,53292.566,98.929,0,0.11,1.72,0.01,0.0599999999999998,0.556515818143709,0.465641690097353,0.613097604509172
9,2013,2013-09-28,1681.550049,0.0293155912868368,1,3771.47998,0.049351469327588,1,0.02959,2326.755,0.066405,71446.414,100.7964,0,0.02,2.81,-0.02,-1.15,0.12029315570472,0.476133502133205,0.611941974413418
9,2014,2014-09-28,1972.290039,-0.0156354360784841,0,4493.390137,-0.0191504942183922,0,-0.010298,2786.306,-0.046488,76609.719,104.8027,0,0.02,2.53,-0.01,-0.72,-0.167051416579219,0.480472897317521,0.613761694329829
9,2015,2015-09-28,1920.030029,-0.0267987312646527,0,4620.160156,-0.0332807350254889,0,-0.024319,2748.25,-0.066616,70829.258,120.577,0,0.02,2.17,-0.05,-0.58,-0.141627628281935,0.495164535154328,0.595178468907876
9,2016,2016-09-28,2168.27002,-0.00123521340639687,0,5312,0.018770663850507,1,0.000523,3160.601,0.050278,81985.875,121.7343,0,0.29,1.63,-0.01,0.0499999999999998,0.0918430107884498,0.495953022868675,0.584833642341353
9,2017,2017-09-28,2519.360107,0.0191190393239795,1,6495.959961,0.0104142965370144,1,0.018382,3803.177,0.098693,96929.25,118.4992,0,1.03,2.2,0.02,-0.49,0.299445229710857,0.495415967941326,0.59755401006797
9,2018,2018-09-28,2913.97998,0.00428509296391777,1,8046.350098,-0.00782256659252845,0,0.007196,4558.898,-0.017605,112350.195,125.5386,0,2.13,3,0.1,-1.23,0.0555542328357295,0.496396497488101,0.6108792510798
9,2019,2019-09-28,2976.73999,0.017035250490979,1,7999.339844,0.00456829000368231,1,0.015764,4720.01,0.048813,92888.68,130.699,0,1.89,1.7,-0.0600000000000001,0.13,-0.00506682360828189,0.505837444960735,0.611168821691012
